Restriction Site,Enzyme
YAC/GTR,BsaAI
Y/GGCCR,EaeI
W/CCGGW,BsaWI
VC/TCGAGB,PspXI
TTT/AAA,DraI
TTAAT/TAA,PacI
TTA/TAA,PsiI-v2
TT/CGAA,BstBI
TGGCAAACAGCTATTATGGGTATTATGGGT(-13/-17),PI-PspI
TGG/CCA,MscI
TGC/GCA,FspI
TG/CA,HpyCH4V
TCN/GA,Hpy188I
TCG/CGA,NruI NruI-HF®
TCCRAC(20/18),MmeI
TC/NNGA,Hpy188III
TAGGGATAACAGGGTAAT(-9/-13),I-SceI
TAC/GTA,SnaBI
TAACTATAACGGTCCTAAGGTAGCGAA(-9/-13),I-CeuI
T/TAA,MseI
T/GTACA,BsrGI-HF® BsrGI
T/GATCA,BclI-HF BclI
T/CTAGA,XbaI
T/CGA,TaqI-v2
T/CCGGA,BspEI
T/CATGA,BspHI
RGCGC/Y,HaeII
RG/GWCCY,PpuMI
RG/GNCCY,EcoO109I
RG/CY,CviKI-1
RCATG/Y,NspI
R/GATCY,BstYI
R/CCGGY,BsrFI-v2
R/AATTY,ApoI-HF ApoI
NNCASTGNN/,TspRI
GWGCW/C,BsiHKAI
GTY/RAC,HincII
GTTT/AAAC,PmeI
GTT/AAC,HpaI
GTN/NAC,Hpy166II
GTGCAG(16/14),BsgI
GTCTC(1/5),BcoDI BsmAI
GTCTC(1/-5),Nt.BsmAI
GTATCC(6/5),BciVI
GTATAC,BstZ17I-HF®
GT/MKAC,AccI
GT/AC,RsaI
GRGCY/C,BanII
GR/CGYC,BsaHI
GKGCM/C,BaeGI
GGTGA(8/7),HphI
GGTCTC(1/5),BsaI-HF®v2
GGTAC/C,KpnI-HF®
GGN/NCC,NlaIV
GGGCC/C,ApaI
GGGAC(10/14),BsmFI
GGCGGA(11/9),EciI
GGCGC/C,PluTI
GGCCNNNN/NGGCC,SfiI
GGCCGG/CC,FseI
GGC/GCC,SfoI
GGATG(9/13),FokI
GGATG(2/0),BtsCI
GGATC(4/5),AlwI
GGATC(4/-5),Nt.AlwI
GG/CGCGCC,AscI
GG/CGCC,NarI
GG/CC,HaeIII
GDGCH/C,Bsp1286I
GCTCTTC(1/4),BspQI SapI
GCTCTTC(1/-7),Nt.BspQI
GCTAG/C,BmtI-HF® BmtI
GCNNNNN/NNGC,MwoI
GCN/NGC,Cac8I
GCGATG(10/14),BtgZI
GCGAT/CGC,AsiSI
GCG/C,HhaI
GCCNNNN/NGGC,BglI
GCCGAG(21/19),NmeAIII
GCCC/GGGC,SrfI
GCC/GGC,NaeI
GCATG/C,SphI SphI-HF®
GCATC(5/9),SfaNI
GCANNNN/NTGC,BstAPI
GCAGTG(2/0),BtsI-v2
GCAGTG,Nb.BtsI
GCAGC(8/12),BbvI
GCAATG(2/0),BsrDI
GCAATG,Nb.BsrDI
GC/TNAGC,BlpI
GC/NGC,Fnu4HI
GC/GGCCGC,NotI NotI-HF®
GATNN/NNATC,BsaBI
GAT/ATC,EcoRV EcoRV-HF®
GAGTC(5/5),MlyI
GAGTC(4/5),PleI
GAGTC(4/-5),Nt.BstNBI
GAGGAG(10/8),BseRI
GAGCT/C,SacI-HF®
GAG/CTC,Eco53kI
GACNNNN/NNGTC,DrdI
GACNNN/NNGTC,AhdI
GACNN/NNGTC,PshAI
GACN/NNGTC,PflFI Tth111I
GACGT/C,AatII
GACGC(5/10),HgaI
GAC/GTC,ZraI
GAATGC(1/-1),BsmI
GAATGC,Nb.BsmI
GAANN/NNTTC,XmnI
GAAGAC(2/6),BbsI-HF® BbsI
GAAGA(8/7),MboII
GA/TC,DpnI
G/TGCAC,ApaLI
G/TCGAC,SalI SalI-HF®
G/TAC,CviQI
G/GYRCC,BanI
G/GWCC,AvaII
G/GTNACC,BstEII  BstEII-HF®
G/GTACC,Acc65I
G/GNCC,Sau96I
G/GGCCC,PspOMI
G/GCGCC,KasI
G/GATCC,BamHI BamHI-HF®
G/CWGC,TseI ApeKI
G/CTAGC,NheI-HF®
G/CGCGC,BssHII
G/CGC,HinP1I
G/CCGGC,NgoMIV
G/AWTC,TfiI
G/ANTC,HinfI
G/AATTC,EcoRI EcoRI-HF®
CTTGAG(16/14),BpuEI
CTGGAG(16/14),BpmI
CTGCA/G,PstI PstI-HF®
CTGAAG(16/14),AcuI
CTCTTC(1/4),EarI
CTCAG(9/7),BspCNI
CR/CCGGYG,SgrAI
CNNR(9/13),MspJI
CNNNNNNNNNNN/NNNNNNNNNG,AbaSI
CMG/CKG,MspA1I
CGWCG/,Hpy99I
CGTCTC(1/5),Esp3I
CGTCTC,BsmBI-v2
CGRY/CG,BsiEI
CGAT/CG,PvuI PvuI-HF®
CG/GWCCG,RsrII
CG/CG,BstUI
CCTTC(6/5),HpyAV
CCTNN/NNNAGG,EcoNI
CCTNAGC(-5/-2),Bpu10I
CCTGCA/GG,SbfI-HF®
CCTCAGC(-5/-7),Nt.BbvCI
CCTCAGC(-5/-2),BbvCI
CCTCAGC,Nb.BbvCI
CCTC(7/6),MnlI
CCNNNNN/NNGG,BslI
CCGCTC(-3/-3),BsrBI
CCGC/GG,SacII
CCGC(-3/-1),AciI
CCDG(10/14),LpnPI
CCCGC(4/6),FauI
CCCAGC(-5/-1),BseYI
CCC/GGG,SmaI
CCATC(4/5),BccI
CCANNNNN/NTGG,BstXI
CCANNNNN/NNNNTGG,XcmI
CCANNNN/NTGG,PflMI
CC/WGG,BstNI
CC/TNAGG,Bsu36I
CC/SGG,NciI
CC/NGG,ScrFI
CC(12/16),FspEI
CAYNN/NNRTG,MslI
CATG/,NlaIII
CAGTG(2/0),BtsIMutI
CAGNNN/CTG,AlwNI
CAGCAG(25/27),EcoP15I
CAG/CTG,PvuII PvuII-HF®
CACNNN/GTG,DraIII-HF®
CACNN/NNGTG,AleI-v2
CACGTC(-3/-3),BmgBI
CACGAG(-5/-1),BssSI-v2
CACGAG,Nb.BssSI
CACCTGC(4/8),PaqCI
CAC/GTG,PmlI
CA/TATG,NdeI
C/YCGRG,BsoBI AvaI
C/TYRAG,SmlI
C/TTAAG,AflII
C/TRYAG,SfcI
C/TNAG,DdeI
C/TCGAG,XhoI PaeR7I
C/TAG,BfaI
C/GTACG,BsiWI-HF® BsiWI
C/GGCCG,EagI-HF®
C/CWWGG,StyI-HF®
C/CTAGG,AvrII
C/CRYGG,BtgI
C/CNNGG,BsaJI
C/CGG,MspI HpaII
C/CCGGG,TspMI XmaI
C/CATGG,NcoI NcoI-HF®
C/ATG,CviAII
C/AATTG,MfeI-HF®
ATTT/AAAT,SwaI
ATGCA/T,NsiI-HF® NsiI
ATCTATGTCGGGTGCGGAGAAAGAGGTAAT(-15/-19),PI-SceI
AT/TAAT,AseI
AT/CGAT,ClaI BspDI
AGT/ACT,ScaI-HF®
AGG/CCT,StuI
AGC/GCT,AfeI
AG/CT,AluI
ACTGGG(5/4),BmrI
ACTGG(1/-1),BsrI
ACN/GT,HpyCH4III
ACGGC(12/14),BceAI
ACCTGC(4/8),BspMI BfuAI
AAT/ATT,SspI SspI-HF®
AA/CGTT,AclI
A/GATCT,BglII
A/CTAGT,SpeI-HF®
A/CRYGT,AflIII
A/CGT,HpyCH4IV
A/CGCGT,MluI MluI-HF®
A/CCWGGT,SexAI
A/CCGGT,AgeI-HF®
A/CATGT,PciI
A/AGCTT,HindIII-HF® HindIII
/GTSAC,Tsp45I
/GATC,DpnII Sau3AI MboI
/CCWGG,PspGI
/CCNGG,StyD4I
/CATG,FatI
/AATT,MluCI
(9/12)ACNNNNNCTCC(10/7),BsaXI
(11/13)CAANNNNNGTGG(12/10),CspCI
(10/15)ACNNNNGTAYC(12/7),BaeI
(10/12)CGANNNNNNTGC(12/10),BcgI
(0/-1)CCD,Nt.CviPII
